<?xml version="1.0" encoding="UTF-8"?>
<!DOCTYPE mapper
        PUBLIC "-//mybatis.org//DTD Mapper 3.0//EN"
        "http://mybatis.org/dtd/mybatis-3-mapper.dtd">
<mapper namespace="com.cohelp.server.mapper.InformMapper">

    <resultMap id="BaseResultMap" type="com.cohelp.server.model.entity.Inform">
            <id property="id" column="id" jdbcType="INTEGER"/>
            <result property="informType" column="inform_type" jdbcType="VARCHAR"/>
            <result property="informerId" column="informer_id" jdbcType="INTEGER"/>
            <result property="informContent" column="inform_content" jdbcType="VARCHAR"/>
            <result property="informedInstanceId" column="informed_instance_id" jdbcType="INTEGER"/>
            <result property="informedInstanceType" column="informed_instance_type" jdbcType="INTEGER"/>
            <result property="createTime" column="create_time" jdbcType="TIMESTAMP"/>
    </resultMap>

    <sql id="Base_Column_List">
        id,inform_type,informer_id,
        inform_content,informed_instance_id,informed_instance_type,
        create_time
    </sql>
</mapper>
