<?xml version="1.0" encoding="UTF-8"?>
<!DOCTYPE mapper
        PUBLIC "-//mybatis.org//DTD Mapper 3.0//EN"
        "http://mybatis.org/dtd/mybatis-3-mapper.dtd">
<mapper namespace="com.cohelp.server.mapper.HelpMapper">

    <resultMap id="BaseResultMap" type="com.cohelp.server.model.entity.Help">
            <id property="id" column="id" jdbcType="INTEGER"/>
            <result property="helpOwnerId" column="help_owner_id" jdbcType="INTEGER"/>
            <result property="helpTitle" column="help_title" jdbcType="VARCHAR"/>
            <result property="helpDetail" column="help_detail" jdbcType="VARCHAR"/>
            <result property="helpPaid" column="help_paid" jdbcType="TINYINT"/>
            <result property="helpLike" column="help_like" jdbcType="INTEGER"/>
            <result property="helpCollect" column="help_collect" jdbcType="INTEGER"/>
            <result property="helpComment" column="help_comment" jdbcType="INTEGER"/>
            <result property="helpLabel" column="help_label" jdbcType="VARCHAR"/>
            <result property="helpState" column="help_state" jdbcType="TINYINT"/>
            <result property="helpCreateTime" column="help_create_time" jdbcType="TIMESTAMP"/>
    </resultMap>

    <sql id="Base_Column_List">
        id,help_owner_id,help_title,
        help_detail,help_paid,help_like,
        help_collect,help_comment,help_label,
        help_state,help_create_time
    </sql>
</mapper>
