<?xml version="1.0" encoding="UTF-8"?>
<!DOCTYPE mapper
        PUBLIC "-//mybatis.org//DTD Mapper 3.0//EN"
        "http://mybatis.org/dtd/mybatis-3-mapper.dtd">
<mapper namespace="com.cohelp.server.mapper.RemarkActivityMapper">

    <resultMap id="BaseResultMap" type="com.cohelp.server.model.entity.RemarkActivity">
            <id property="id" column="id" jdbcType="INTEGER"/>
            <result property="remarkContent" column="remark_content" jdbcType="VARCHAR"/>
            <result property="remarkTargetId" column="remark_target_id" jdbcType="INTEGER"/>
            <result property="remarkLike" column="remark_like" jdbcType="INTEGER"/>
            <result property="remarkActivityId" column="remark_activity_id" jdbcType="INTEGER"/>
            <result property="topId" column="top_id" jdbcType="INTEGER"/>
            <result property="targetIsActivity" column="target_is_activity" jdbcType="TINYINT"/>
            <result property="remarkOwnerId" column="remark_owner_id" jdbcType="INTEGER"/>
            <result property="remarkTime" column="remark_time" jdbcType="TIMESTAMP"/>
    </resultMap>

    <sql id="Base_Column_List">
        id,remark_content,remark_target_id,
        remark_like,remark_activity_id,top_id,
        target_is_activity,remark_owner_id,remark_time
    </sql>
</mapper>
