<?xml version="1.0" encoding="UTF-8"?>
<!DOCTYPE mapper
        PUBLIC "-//mybatis.org//DTD Mapper 3.0//EN"
        "http://mybatis.org/dtd/mybatis-3-mapper.dtd">
<mapper namespace="com.cohelp.server.mapper.UserMapper">

    <resultMap id="BaseResultMap" type="com.cohelp.server.model.entity.User">
            <id property="id" column="id" jdbcType="INTEGER"/>
            <result property="userAccount" column="user_account" jdbcType="VARCHAR"/>
            <result property="userName" column="user_name" jdbcType="VARCHAR"/>
            <result property="userPassword" column="user_password" jdbcType="VARCHAR"/>
            <result property="avatar" column="avatar" jdbcType="INTEGER"/>
            <result property="sex" column="sex" jdbcType="TINYINT"/>
            <result property="phoneNumber" column="phoneNumber" jdbcType="VARCHAR"/>
            <result property="age" column="age" jdbcType="INTEGER"/>
            <result property="school" column="school" jdbcType="VARCHAR"/>
            <result property="userRole" column="user_role" jdbcType="TINYINT"/>
            <result property="state" column="state" jdbcType="TINYINT"/>
            <result property="userCreateTime" column="user_create_time" jdbcType="TIMESTAMP"/>
    </resultMap>

    <sql id="Base_Column_List">
        id,use_account,user_name,
        user_password,avatar,sex,
        phoneNumber,age,school,
        user_role,state,user_create_time
    </sql>
    <select id="getEmailByUserAccount" resultType="java.lang.String">
        select user_email from user where user_account = #{userAcount}
    </select>
</mapper>
